﻿<?xml version="1.0" encoding="UTF-8" standalone="yes"?>
<addon id="repository.kodipopcorntime" name="KODI Popcorn Time Repository" version="1.0.0" provider-name="Diblo">
     <extension point="xbmc.addon.repository" name="KODI Popcorn Time Repository">
        <info compressed="false">http://raw.githubusercontent.com/Diblo/KODI-Popcorn-Time/Repository/Repository/addons.xml</info>
        <checksum>http://raw.githubusercontent.com/Diblo/KODI-Popcorn-Time/Repository/Repository/addons.xml.md5</checksum>
        <datadir zip="true">http://raw.githubusercontent.com/Diblo/KODI-Popcorn-Time/Repository/Repository/</datadir>
    </extension>
    <requires>
        <import addon="xbmc.python" version="2.14.0"/>
    </requires>
    <extension point="xbmc.addon.metadata">
        <platform>all</platform>
        <website><![CDATA[https://github.com/Diblo/KODI-Popcorn-Time]]></website>
        <forum><![CDATA[http://forums.tvaddons.ag/threads/32586-KODI-Popcorn-Time]]></forum>
        <source><![CDATA[https://github.com/Diblo/KODI-Popcorn-Time]]></source>
        <language>English</language>
        <license><![CDATA[GNU GENERAL PUBLIC LICENSE. Version 3, 29 June 2007]]></license>
        <summary lang="en"><![CDATA[KODI Popcorn Time Auto Update.]]></summary>
        <description lang="en"><![CDATA[KODI Popcorn Time Auto Update.]]></description>
        <noicon>false</noicon> 
        <nofanart>false</nofanart> 
    </extension>
</addon>
